Date,Gas_Price,Carbon_Price
2018-01-05,18.915000915527344,1000.0
2018-01-08,19.049999237060547,984.5800170898438
2018-01-09,19.434999465942383,1000.0
2018-01-10,19.325000762939453,1014.1400146484375
2018-01-11,19.31999969482422,1005.1400146484375
2018-01-12,19.80500030517578,1010.280029296875
2018-01-16,18.899999618530273,1034.699951171875
2018-01-17,18.440000534057617,1051.4100341796875
2018-01-18,18.350000381469727,1091.260009765625
2018-01-19,18.190000534057617,1125.9599609375
2018-01-22,18.545000076293945,1124.6800537109375
2018-01-23,18.200000762939453,1158.0999755859375
2018-01-24,17.790000915527344,1215.93994140625
2018-01-25,17.780000686645508,1187.6600341796875
2018-01-26,17.780000686645508,1168.3800048828125
2018-01-29,17.395000457763672,1156.81005859375
2018-01-30,17.40999984741211,1141.3900146484375
2018-01-31,17.8799991607666,1192.800048828125
2018-02-01,18.149999618530273,1191.52001953125
2018-02-02,18.15999984741211,1151.6700439453125
2018-02-05,17.59000015258789,1165.81005859375
2018-02-06,17.8799991607666,1131.1099853515625
2018-02-07,18.155000686645508,1155.530029296875
2018-02-08,17.739999771118164,1172.239990234375
2018-02-09,17.899999618530273,1186.3800048828125
2018-02-12,17.950000762939453,1218.510009765625
2018-02-13,18.30500030517578,1272.489990234375
2018-02-14,18.075000762939453,1233.9300537109375
2018-02-15,17.790000915527344,1226.219970703125
2018-02-16,18.165000915527344,1223.6500244140625
2018-02-20,19.770000457763672,1249.3599853515625
2018-02-21,19.780000686645508,1228.7900390625
2018-02-22,19.940000534057617,1249.3599853515625
2018-02-23,20.40999984741211,1260.9300537109375
2018-02-26,18.690000534057617,1237.7900390625
2018-02-27,19.19499969482422,1304.6300048828125
2018-02-28,17.350000381469727,1298.199951171875
2018-03-01,17.559999465942383,1284.06005859375
2018-03-02,17.80500030517578,1303.3399658203125
2018-03-05,17.514999389648438,1331.6199951171875
2018-03-06,17.700000762939453,1345.760009765625
2018-03-07,17.829999923706055,1367.6099853515625
2018-03-08,18.315000534057617,1429.31005859375
2018-03-09,18.940000534057617,1429.31005859375
2018-03-12,19.709999084472656,1424.1600341796875
2018-03-13,19.46500015258789,1465.300048828125
2018-03-14,18.614999771118164,1437.02001953125
2018-03-15,18.799999237060547,1438.300048828125
2018-03-16,18.655000686645508,1435.72998046875
2018-03-19,18.700000762939453,1421.5899658203125
2018-03-20,19.174999237060547,1484.5799560546875
2018-03-21,19.389999389648438,1625.9599609375
2018-03-22,19.010000228881836,1586.1199951171875
2018-03-23,18.44499969482422,1620.8199462890625
2018-03-26,17.989999771118164,1669.6700439453125
2018-03-27,18.4950008392334,1758.3499755859375
2018-03-28,18.3700008392334,1669.6700439453125
2018-03-29,18.225000381469727,1706.93994140625
2018-04-03,18.040000915527344,1709.510009765625
2018-04-04,18.184999465942383,1678.6600341796875
2018-04-05,18.1299991607666,1624.6800537109375
2018-04-06,18.18000030517578,1669.6700439453125
2018-04-09,18.645000457763672,1713.3699951171875
2018-04-10,18.84000015258789,1719.7900390625
2018-04-11,19.2549991607666,1726.219970703125
2018-04-12,19.21500015258789,1746.7900390625
2018-04-13,19.56999969482422,1791.77001953125
2018-04-16,19.350000381469727,1799.489990234375
2018-04-17,19.014999389648438,1766.0699462890625
2018-04-18,19.309999465942383,1785.3499755859375
2018-04-19,19.860000610351562,1730.0799560546875
2018-04-20,19.799999237060547,1677.3800048828125
2018-04-23,19.889999389648438,1656.81005859375
2018-04-24,19.674999237060547,1700.510009765625
2018-04-25,19.8799991607666,1704.3699951171875
2018-04-26,20.149999618530273,1733.9300537109375
2018-04-27,20.264999389648438,1742.9300537109375
2018-04-30,20.559999465942383,1746.7900390625
2018-05-02,19.864999771118164,1678.6600341796875
2018-05-03,19.950000762939453,1665.81005859375
2018-05-04,20.420000076293945,1673.52001953125
2018-05-07,20.420000076293945,1750.6400146484375
2018-05-08,20.600000381469727,1748.0699462890625
2018-05-09,20.844999313354492,1799.489990234375
2018-05-10,21.0049991607666,1877.8900146484375
2018-05-11,21.264999389648438,1880.4599609375
2018-05-14,21.625,1881.75
2018-05-15,21.540000915527344,1840.6199951171875
2018-05-16,21.670000076293945,1951.1600341796875
2018-05-17,22.299999237060547,1966.5799560546875
2018-05-18,22.05500030517578,1960.1500244140625
2018-05-21,22.375,2000.0
2018-05-22,22.905000686645508,2050.1298828125
2018-05-23,22.71500015258789,2057.840087890625
2018-05-24,22.69499969482422,2093.830078125
2018-05-25,21.80500030517578,2056.56005859375
2018-05-29,22.655000686645508,2095.1201171875
2018-05-30,22.985000610351562,2035.989990234375
2018-05-31,22.579999923706055,1916.449951171875
2018-06-01,21.774999618530273,1965.300048828125
2018-06-04,21.905000686645508,2073.260009765625
2018-06-05,21.43000030517578,2026.989990234375
2018-06-06,21.31999969482422,2047.56005859375
2018-06-07,21.665000915527344,2056.56005859375
2018-06-08,21.540000915527344,2033.4200439453125
2018-06-11,21.350000381469727,1991.0
2018-06-12,21.78499984741211,1947.300048828125
2018-06-13,22.3799991607666,1967.8699951171875
2018-06-14,22.354999542236328,1916.449951171875
2018-06-15,21.75,1867.6099853515625
2018-06-18,22.139999389648438,1876.6099853515625
2018-06-19,21.69499969482422,1830.3299560546875
2018-06-20,21.5,1863.75
2018-06-21,21.545000076293945,1903.5999755859375
2018-06-22,21.655000686645508,1943.43994140625
2018-06-25,21.545000076293945,1931.8800048828125
2018-06-26,21.4950008392334,1931.8800048828125
2018-06-27,22.03499984741211,1961.43994140625
2018-06-28,21.959999084472656,1928.02001953125
2018-06-29,21.875,1926.739990234375
2018-07-02,22.239999771118164,1937.02001953125
2018-07-03,22.260000228881836,1940.8699951171875
2018-07-05,22.46500015258789,2015.4200439453125
2018-07-06,22.354999542236328,2017.989990234375
2018-07-09,22.729999542236328,2056.56005859375
2018-07-10,22.729999542236328,2062.97998046875
2018-07-11,22.579999923706055,2097.68994140625
2018-07-12,21.969999313354492,2068.1201171875
2018-07-13,22.264999389648438,2064.27001953125
2018-07-16,22.020000457763672,2047.56005859375
2018-07-17,21.850000381469727,2066.840087890625
2018-07-18,22.139999389648438,2109.25
2018-07-19,22.155000686645508,2167.10009765625
2018-07-20,21.875,2194.090087890625
2018-07-23,22.030000686645508,2235.219970703125
2018-07-24,22.094999313354492,2197.93994140625
2018-07-25,22.170000076293945,2228.7900390625
2018-07-26,22.114999771118164,2222.3701171875
2018-07-27,21.889999389648438,2200.510009765625
2018-07-30,22.059999465942383,2191.52001953125
2018-07-31,22.114999771118164,2236.5
2018-08-01,21.93000030517578,2285.35009765625
2018-08-02,21.934999465942383,2267.35009765625
2018-08-03,22.260000228881836,2272.489990234375
2018-08-06,22.5,2258.35009765625
2018-08-07,22.610000610351562,2250.639892578125
2018-08-08,22.600000381469727,2236.5
2018-08-09,22.71500015258789,2262.2099609375
2018-08-10,22.8799991607666,2299.489990234375
2018-08-13,23.5,2321.340087890625
2018-08-14,23.725000381469727,2334.18994140625
2018-08-15,23.520000457763672,2325.18994140625
2018-08-16,23.834999084472656,2312.340087890625
2018-08-17,24.155000686645508,2331.6201171875
2018-08-20,24.18000030517578,2376.610107421875
2018-08-21,24.405000686645508,2482.010009765625
2018-08-22,24.450000762939453,2544.989990234375
2018-08-23,24.760000228881836,2619.5400390625
2018-08-24,24.975000381469727,2659.3798828125
2018-08-27,25.40999984741211,2737.7900390625
2018-08-28,25.360000610351562,2659.3798828125
2018-08-29,25.8700008392334,2706.93994140625
2018-08-30,26.1299991607666,2719.7900390625
2018-08-31,25.834999084472656,2710.800048828125
2018-09-04,26.709999084472656,2593.830078125
2018-09-05,27.020000457763672,2618.25
2018-09-06,27.454999923706055,2759.639892578125
2018-09-07,27.989999771118164,2984.580078125
2018-09-10,29.125,3242.929931640625
2018-09-11,28.780000686645508,3107.969970703125
2018-09-12,27.4950008392334,2949.8701171875
2018-09-13,26.809999465942383,2429.31005859375
2018-09-14,26.93000030517578,2566.840087890625
2018-09-17,28.075000762939453,2691.52001953125
2018-09-18,27.40999984741211,2600.260009765625
2018-09-19,28.31999969482422,2759.639892578125
2018-09-20,28.59000015258789,2831.6201171875
2018-09-21,28.725000381469727,2844.469970703125
2018-09-24,29.2450008392334,2883.030029296875
2018-09-25,29.229999542236328,2731.360107421875
2018-09-26,28.260000228881836,2601.5400390625
2018-09-27,27.575000762939453,2677.3798828125
2018-09-28,27.329999923706055,2726.219970703125
2018-10-01,27.44499969482422,2746.7900390625
2018-10-02,27.2549991607666,2696.659912109375
2018-10-04,27.469999313354492,2742.929931640625
2018-10-05,27.899999618530273,2848.330078125
2018-10-08,27.219999313354492,2820.050048828125
2018-10-09,26.834999084472656,2672.239990234375
2018-10-10,26.219999313354492,2501.2900390625
2018-10-11,25.760000228881836,2553.97998046875
2018-10-12,26.6299991607666,2618.25
2018-10-15,26.625,2388.169921875
2018-10-16,26.329999923706055,2479.429931640625
2018-10-17,25.940000534057617,2476.860107421875
2018-10-18,26.024999618530273,2537.280029296875
2018-10-19,26.860000610351562,2533.419921875
2018-10-22,26.114999771118164,2442.159912109375
2018-10-23,25.665000915527344,2471.719970703125
2018-10-24,25.260000228881836,2520.570068359375
2018-10-25,24.864999771118164,2452.43994140625
2018-10-26,24.280000686645508,2349.610107421875
2018-10-29,24.579999923706055,2143.9599609375
2018-10-30,23.875,2059.1298828125
2018-10-31,24.334999084472656,2102.830078125
2018-11-01,23.649999618530273,2007.7099609375
2018-11-02,24.28499984741211,2195.3701171875
2018-11-05,23.809999465942383,2214.64990234375
2018-11-06,23.895000457763672,2258.35009765625
2018-11-07,24.420000076293945,2393.320068359375
2018-11-08,24.43000030517578,2513.77001953125
2018-11-09,24.325000762939453,2505.840087890625
2018-11-12,25.954999923706055,2634.02001953125
2018-11-13,26.520000457763672,2588.090087890625
2018-11-14,26.280000686645508,2536.510009765625
2018-11-15,26.674999237060547,2445.239990234375
2018-11-16,25.954999923706055,2458.31005859375
2018-11-19,24.149999618530273,2434.52001953125
2018-11-20,24.350000381469727,2501.469970703125
2018-11-21,24.5,2631.340087890625
2018-11-23,24.81999969482422,2594.77001953125
2018-11-26,24.545000076293945,2545.60009765625
2018-11-27,25.15999984741211,2516.60009765625
2018-11-28,24.299999237060547,2476.25
2018-11-29,24.635000228881836,2567.030029296875
2018-11-30,24.690000534057617,2627.550048828125
2018-12-03,25.084999084472656,2646.469970703125
2018-12-04,24.415000915527344,2657.81005859375
2018-12-06,23.165000915527344,2563.25
2018-12-07,23.145000457763672,2602.340087890625
2018-12-10,23.25,2674.199951171875
2018-12-11,23.6200008392334,2585.949951171875
2018-12-12,23.920000076293945,2752.3701171875
2018-12-13,24.225000381469727,2858.280029296875
2018-12-14,24.645000457763672,2990.669921875
2018-12-17,24.68000030517578,3101.6201171875
2018-12-18,23.729999542236328,3067.580078125
2018-12-19,24.209999084472656,3104.139892578125
2018-12-20,24.604999542236328,3085.22998046875
2018-12-21,24.899999618530273,3141.969970703125
2018-12-27,23.31999969482422,3153.320068359375
2018-12-28,22.809999465942383,3149.530029296875
2019-01-02,22.475000381469727,3191.139892578125
2019-01-03,22.2549991607666,2940.239990234375
2019-01-04,22.93000030517578,2991.929931640625
2019-01-07,21.530000686645508,2805.330078125
2019-01-08,22.09000015258789,2879.719970703125
2019-01-09,21.719999313354492,2777.590087890625
2019-01-10,21.674999237060547,2787.679931640625
2019-01-11,22.2549991607666,2867.110107421875
2019-01-14,21.674999237060547,2843.14990234375
2019-01-15,22.0,2851.97998046875
2019-01-16,22.0049991607666,2950.320068359375
2019-01-17,22.9950008392334,2984.3701171875
2019-01-18,22.604999542236328,3134.39990234375
2019-01-22,21.815000534057617,3178.530029296875
2019-01-23,22.190000534057617,3116.75
2019-01-24,21.280000686645508,3034.800048828125
2019-01-25,20.889999389648438,3017.14990234375
2019-01-28,20.549999237060547,2870.889892578125
2019-01-29,20.584999084472656,2949.06005859375
2019-01-30,20.18000030517578,2907.4599609375
2019-01-31,19.850000381469727,2811.6298828125
2019-02-01,19.299999237060547,2772.550048828125
2019-02-04,19.354999542236328,2907.4599609375
2019-02-05,19.139999389648438,2921.320068359375
2019-02-06,18.915000915527344,2988.14990234375
2019-02-07,18.90999984741211,2960.409912109375
2019-02-08,18.264999389648438,2820.4599609375
2019-02-11,18.05500030517578,2824.239990234375
2019-02-12,17.78499984741211,2609.89990234375
2019-02-13,18.020000457763672,2640.159912109375
2019-02-14,17.7549991607666,2493.909912109375
2019-02-15,18.100000381469727,2574.60009765625
2019-02-19,17.704999923706055,2548.1201171875
2019-02-20,18.145000457763672,2582.159912109375
2019-02-21,17.520000457763672,2370.35009765625
2019-02-22,17.229999542236328,2388.0
2019-02-25,16.94499969482422,2425.820068359375
2019-02-26,17.045000076293945,2478.780029296875
2019-02-27,17.614999771118164,2681.77001953125
2019-02-28,17.815000534057617,2734.719970703125
2019-03-01,17.31999969482422,2809.110107421875
2019-03-04,17.399999618530273,2916.280029296875
2019-03-05,17.18000030517578,2892.330078125
2019-03-06,16.850000381469727,2790.199951171875
2019-03-07,16.8700008392334,2933.929931640625
2019-03-08,16.729999542236328,2902.409912109375
2019-03-11,16.625,2809.110107421875
2019-03-12,16.209999084472656,2815.419921875
2019-03-13,15.725000381469727,2809.110107421875
2019-03-14,15.604999542236328,2867.110107421875
2019-03-15,15.25,2833.070068359375
2019-03-18,14.979999542236328,2751.110107421875
2019-03-19,15.005000114440918,2662.860107421875
2019-03-20,15.21500015258789,2728.419921875
2019-03-21,14.5649995803833,2640.159912109375
2019-03-22,14.454999923706055,2606.1201171875
2019-03-25,14.1850004196167,2640.159912109375
2019-03-26,14.385000228881836,2715.81005859375
2019-03-27,14.994999885559082,2754.89990234375
2019-03-28,14.430000305175781,2806.590087890625
2019-03-29,14.21500015258789,2715.81005859375
2019-04-01,13.845000267028809,2762.4599609375
2019-04-02,13.454999923706055,2775.070068359375
2019-04-03,14.1899995803833,2920.06005859375
2019-04-04,14.805000305175781,3081.449951171875
2019-04-05,16.635000228881836,3101.6201171875
2019-04-08,15.96500015258789,3065.06005859375
2019-04-09,16.7549991607666,3218.8798828125
2019-04-10,15.729999542236328,3294.530029296875
2019-04-11,15.994999885559082,3444.570068359375
2019-04-12,15.854999542236328,3351.260009765625
2019-04-15,15.010000228881836,3380.260009765625
2019-04-16,14.835000038146973,3404.219970703125
2019-04-17,15.194999694824219,3462.219970703125
2019-04-18,14.460000038146973,3390.35009765625
2019-04-23,14.420000076293945,3471.0400390625
2019-04-24,14.265000343322754,3454.64990234375
2019-04-25,14.53499984741211,3439.52001953125
2019-04-26,14.425000190734863,3259.219970703125
2019-04-29,14.524999618530273,3326.050048828125
2019-04-30,14.390000343322754,3314.699951171875
2019-05-02,14.364999771118164,3114.22998046875
2019-05-03,14.5649995803833,3177.27001953125
2019-05-06,14.335000038146973,3193.659912109375
2019-05-07,14.154999732971191,3328.570068359375
2019-05-08,14.319999694824219,3392.8701171875
2019-05-09,14.454999923706055,3341.179931640625
2019-05-10,13.994999885559082,3230.22998046875
2019-05-13,13.760000228881836,3155.840087890625
2019-05-14,13.78499984741211,3264.27001953125
2019-05-15,13.854999542236328,3274.35009765625
2019-05-16,13.385000228881836,3223.919921875
2019-05-17,12.854999542236328,3152.050048828125
2019-05-20,12.904999732971191,3177.27001953125
2019-05-21,12.704999923706055,3199.969970703125
2019-05-22,12.649999618530273,3324.7900390625
2019-05-23,12.595000267028809,3285.699951171875
2019-05-24,12.25,3211.31005859375
2019-05-28,12.520000457763672,3212.570068359375
2019-05-29,12.225000381469727,3218.8798828125
2019-05-30,11.475000381469727,3189.8798828125
2019-05-31,11.204999923706055,3083.969970703125
2019-06-03,11.100000381469727,2993.18994140625
2019-06-04,11.90999984741211,3096.580078125
2019-06-05,11.600000381469727,3057.489990234375
2019-06-06,11.104999542236328,3023.449951171875
2019-06-07,11.520000457763672,3090.27001953125
2019-06-11,11.199999809265137,3149.530029296875
2019-06-12,11.140000343322754,3129.360107421875
2019-06-13,11.395000457763672,3147.010009765625
2019-06-14,11.319999694824219,3158.360107421875
2019-06-17,11.569999694824219,3154.580078125
2019-06-18,11.03499984741211,3167.179931640625
2019-06-19,10.484999656677246,3147.010009765625
2019-06-20,10.149999618530273,3164.659912109375
2019-06-21,10.354999542236328,3189.8798828125
2019-06-24,10.199999809265137,3324.7900390625
2019-06-25,9.845000267028809,3329.830078125
2019-06-26,9.619999885559082,3453.389892578125
2019-06-27,9.375,3390.35009765625
2019-06-28,10.114999771118164,3313.43994140625
2019-07-01,10.364999771118164,3394.1298828125
2019-07-02,10.225000381469727,3368.919921875
2019-07-03,10.295000076293945,3342.43994140625
2019-07-05,11.21500015258789,3326.050048828125
2019-07-08,11.880000114440918,3380.260009765625
2019-07-09,11.760000228881836,3348.739990234375
2019-07-10,12.135000228881836,3554.260009765625
2019-07-11,13.130000114440918,3566.8701171875
2019-07-12,13.279999732971191,3629.909912109375
2019-07-15,12.895000457763672,3662.68994140625
2019-07-16,11.414999961853027,3589.56005859375
2019-07-17,10.989999771118164,3589.56005859375
2019-07-18,10.734999656677246,3502.56005859375
2019-07-19,10.8149995803833,3642.510009765625
2019-07-22,10.15999984741211,3655.1201171875
2019-07-23,10.75,3758.510009765625
2019-07-24,10.074999809265137,3680.340087890625
2019-07-25,10.024999618530273,3658.909912109375
2019-07-26,9.96500015258789,3566.8701171875
2019-07-29,9.8100004196167,3583.260009765625
2019-07-30,9.789999961853027,3517.68994140625
2019-07-31,11.0,3527.780029296875
2019-08-01,12.359999656677246,3713.1201171875
2019-08-02,12.015000343322754,3689.169921875
2019-08-05,11.46500015258789,3618.56005859375
2019-08-06,10.949999809265137,3582.0
2019-08-07,11.40999984741211,3565.60009765625
2019-08-08,12.074999809265137,3597.1298828125
2019-08-09,12.024999618530273,3545.429931640625
2019-08-12,11.420000076293945,3366.389892578125
2019-08-13,11.859999656677246,3416.830078125
2019-08-14,11.180000305175781,3392.8701171875
2019-08-15,11.225000381469727,3275.6201171875
2019-08-16,10.954999923706055,3273.090087890625
2019-08-19,10.78499984741211,3348.739990234375
2019-08-20,11.21500015258789,3309.659912109375
2019-08-21,11.414999961853027,3280.659912109375
2019-08-22,10.989999771118164,3235.27001953125
2019-08-23,10.585000038146973,3164.659912109375
2019-08-26,10.3149995803833,3256.699951171875
2019-08-27,10.069999694824219,3203.75
2019-08-28,10.234999656677246,3279.39990234375
2019-08-29,10.71500015258789,3336.1298828125
2019-08-30,12.795000076293945,3318.47998046875
2019-09-03,12.100000381469727,3181.050048828125
2019-09-04,11.960000038146973,3217.6201171875
2019-09-05,12.234999656677246,3218.8798828125
2019-09-06,12.350000381469727,3162.139892578125
2019-09-09,12.234999656677246,3154.580078125
2019-09-10,14.404999732971191,3368.919921875
2019-09-11,14.354999542236328,3312.179931640625
2019-09-12,14.46500015258789,3332.35009765625
2019-09-13,14.710000038146973,3326.050048828125
2019-09-16,15.335000038146973,3409.260009765625
2019-09-17,13.4399995803833,3305.8798828125
2019-09-18,12.4350004196167,3208.7900390625
2019-09-19,12.255000114440918,3271.830078125
2019-09-20,12.710000038146973,3344.9599609375
2019-09-23,12.244999885559082,3252.919921875
2019-09-24,12.34000015258789,3220.139892578125
2019-09-25,11.949999809265137,3178.530029296875
2019-09-26,12.045000076293945,3232.75
2019-09-27,11.9399995803833,3189.8798828125
2019-09-30,16.389999389648438,3116.75
2019-10-01,16.760000228881836,3157.10009765625
2019-10-02,16.0049991607666,3049.929931640625
2019-10-04,15.770000457763672,2892.330078125
2019-10-07,15.505000114440918,2951.580078125
2019-10-08,15.640000343322754,2840.6298828125
2019-10-09,15.574999809265137,2855.760009765625
2019-10-10,15.850000381469727,2932.669921875
2019-10-11,16.135000228881836,3081.449951171875
2019-10-14,16.040000915527344,3044.889892578125
2019-10-15,16.065000534057617,3241.570068359375
2019-10-16,16.075000762939453,3315.9599609375
2019-10-17,16.024999618530273,3285.699951171875
2019-10-18,15.96500015258789,3263.010009765625
2019-10-21,15.609999656677246,3269.31005859375
2019-10-22,15.595000267028809,3235.27001953125
2019-10-23,15.414999961853027,3120.530029296875
2019-10-24,15.654999732971191,3207.530029296875
2019-10-25,15.234999656677246,3148.27001953125
2019-10-28,14.390000343322754,3167.179931640625
2019-10-29,13.835000038146973,3208.7900390625
2019-10-30,13.779999732971191,3278.139892578125
2019-10-31,16.135000228881836,3228.969970703125
2019-11-01,16.174999237060547,3188.6201171875
2019-11-04,16.479999542236328,3231.489990234375
2019-11-05,16.790000915527344,3216.360107421875
2019-11-06,16.280000686645508,3125.580078125
2019-11-07,16.1200008392334,3144.489990234375
2019-11-08,15.9399995803833,3131.889892578125
2019-11-11,15.845000267028809,3142.969970703125
2019-11-12,15.545000076293945,3041.010009765625
2019-11-13,15.449999809265137,3075.47998046875
2019-11-14,15.670000076293945,3021.419921875
2019-11-15,15.71500015258789,3007.590087890625
2019-11-18,15.229999542236328,2949.820068359375
2019-11-19,15.289999961853027,2956.10009765625
2019-11-20,15.59000015258789,3028.97998046875
2019-11-21,15.625,3018.949951171875
2019-11-22,16.049999237060547,3099.18994140625
2019-11-25,16.235000610351562,3081.639892578125
2019-11-26,15.850000381469727,3075.3701171875
2019-11-27,15.979999542236328,3166.889892578125
2019-11-29,16.329999923706055,3179.429931640625
2019-12-02,15.8100004196167,3067.840087890625
2019-12-03,15.770000457763672,3027.72998046875
2019-12-04,15.880000114440918,3121.75
2019-12-05,15.414999961853027,3115.489990234375
2019-12-06,15.140000343322754,3146.830078125
2019-12-09,14.890000343322754,3171.89990234375
2019-12-10,14.529999732971191,3148.080078125
2019-12-11,14.045000076293945,3090.409912109375
2019-12-12,14.770000457763672,3165.6298828125
2019-12-13,13.805000305175781,3030.22998046875
2019-12-16,13.890000343322754,3135.550048828125
2019-12-17,14.460000038146973,3268.43994140625
2019-12-18,14.949999809265137,3332.3798828125
2019-12-19,15.005000114440918,3366.22998046875
2019-12-20,14.234999656677246,3343.659912109375
2019-12-23,13.024999618530273,3327.360107421875
2019-12-27,12.765000343322754,3347.419921875
2019-12-30,12.295000076293945,3145.570068359375
2020-01-02,12.074999809265137,3057.81005859375
2020-01-03,12.984999656677246,3131.780029296875
2020-01-06,12.279999732971191,3037.760009765625
2020-01-07,11.930000305175781,3077.8701171875
2020-01-08,11.96500015258789,3018.949951171875
2020-01-09,12.180000305175781,3092.919921875
2020-01-10,11.9399995803833,3035.25
2020-01-13,12.055000305175781,3026.469970703125
2020-01-14,11.305000305175781,2988.860107421875
2020-01-15,11.180000305175781,3072.860107421875
2020-01-16,11.114999771118164,3115.489990234375
2020-01-17,10.930000305175781,3189.4599609375
2020-01-21,10.774999618530273,3124.260009765625
2020-01-22,10.454999923706055,3135.550048828125
2020-01-23,10.430000305175781,3096.679931640625
2020-01-24,10.454999923706055,3056.56005859375
2020-01-27,10.524999618530273,3082.889892578125
2020-01-28,10.789999961853027,3090.409912109375
2020-01-29,10.149999618530273,3007.669921875
2020-01-30,9.779999732971191,2976.320068359375
2020-01-31,9.755000114440918,2993.8798828125
2020-02-03,9.210000038146973,2909.8798828125
2020-02-04,9.364999771118164,2928.679931640625
2020-02-05,9.3149995803833,2980.080078125
2020-02-06,9.149999618530273,2953.760009765625
2020-02-07,9.069999694824219,2923.669921875
2020-02-10,8.645000457763672,2903.610107421875
2020-02-11,8.555000305175781,2921.159912109375
2020-02-12,8.720000267028809,2993.8798828125
2020-02-13,8.890000343322754,3059.070068359375
2020-02-14,8.880000114440918,3045.280029296875
2020-02-18,9.380000114440918,3151.840087890625
2020-02-19,9.569999694824219,3223.31005859375
2020-02-20,9.5649995803833,3214.530029296875
2020-02-21,9.40999984741211,3210.77001953125
2020-02-24,9.045000076293945,3080.3798828125
2020-02-25,9.005000114440918,3031.489990234375
2020-02-26,9.069999694824219,3041.52001953125
2020-02-27,8.869999885559082,2958.77001953125
2020-02-28,8.875,2960.02001953125
2020-03-02,8.885000228881836,2948.739990234375
2020-03-03,9.170000076293945,2928.679931640625
2020-03-04,8.90999984741211,2987.610107421875
2020-03-05,8.850000381469727,2985.10009765625
2020-03-06,8.645000457763672,2936.199951171875
2020-03-09,8.625,2918.64990234375
2020-03-10,8.994999885559082,3021.4599609375
2020-03-11,9.369999885559082,2998.889892578125
2020-03-12,9.324999809265137,2823.3701171875
2020-03-13,9.28499984741211,2750.64990234375
2020-03-16,8.739999771118164,2440.989990234375
2020-03-17,8.470000267028809,2295.56005859375
2020-03-18,8.265000343322754,1918.18994140625
2020-03-19,8.545000076293945,2054.840087890625
2020-03-20,8.295000076293945,2019.739990234375
2020-03-23,7.849999904632568,1948.280029296875
2020-03-24,7.909999847412109,2103.739990234375
2020-03-25,7.744999885559082,2195.260009765625
2020-03-26,7.574999809265137,2175.199951171875
2020-03-27,7.21999979019165,2054.840087890625
2020-03-30,6.894999980926514,2138.840087890625
2020-03-31,6.900000095367432,2216.570068359375
2020-04-01,6.824999809265137,2141.35009765625
2020-04-02,6.934999942779541,2264.2099609375
2020-04-03,6.920000076293945,2251.679931640625
2020-04-06,7.284999847412109,2557.580078125
2020-04-07,7.284999847412109,2571.3701171875
2020-04-08,7.260000228881836,2650.360107421875
2020-04-09,7.28000020980835,2642.830078125
2020-04-14,6.875,2483.610107421875
2020-04-15,6.650000095367432,2413.39990234375
2020-04-16,6.90500020980835,2625.280029296875
2020-04-17,6.994999885559082,2720.570068359375
2020-04-20,6.619999885559082,2680.449951171875
2020-04-21,6.315000057220459,2488.6298828125
2020-04-22,6.224999904632568,2590.179931640625
2020-04-23,6.054999828338623,2636.570068359375
2020-04-24,5.769999980926514,2600.2099609375
2020-04-27,5.940000057220459,2542.5400390625
2020-04-28,6.144999980926514,2533.760009765625
2020-04-29,6.014999866485596,2531.25
2020-04-30,6.21999979019165,2453.52001953125
2020-05-04,5.739999771118164,2425.93994140625
2020-05-05,5.675000190734863,2393.35009765625
2020-05-06,5.764999866485596,2382.06005859375
2020-05-07,5.84499979019165,2449.760009765625
2020-05-08,5.829999923706055,2425.93994140625
2020-05-11,5.704999923706055,2390.840087890625
2020-05-12,5.315000057220459,2321.8798828125
2020-05-13,5.119999885559082,2340.68994140625
2020-05-14,5.264999866485596,2362.0
2020-05-15,5.21999979019165,2403.3701171875
2020-05-18,4.920000076293945,2550.06005859375
2020-05-19,4.610000133514404,2503.669921875
2020-05-20,4.460000038146973,2665.39990234375
2020-05-21,3.825000047683716,2655.3701171875
2020-05-22,3.890000104904175,2682.949951171875
2020-05-26,4.125,2708.030029296875
2020-05-27,3.694999933242798,2674.179931640625
2020-05-28,3.509999990463257,2665.39990234375
2020-05-29,4.385000228881836,2682.949951171875
2020-06-02,4.849999904632568,2766.949951171875
2020-06-03,5.329999923706055,2768.2099609375
2020-06-04,5.389999866485596,2784.5
2020-06-05,5.710000038146973,2913.639892578125
2020-06-08,5.25,2847.18994140625
2020-06-09,4.804999828338623,2818.35009765625
2020-06-10,4.800000190734863,2872.260009765625
2020-06-11,4.989999771118164,2792.030029296875
2020-06-12,5.275000095367432,2758.179931640625
2020-06-15,5.514999866485596,2778.239990234375
2020-06-16,5.260000228881836,2855.969970703125
2020-06-17,5.210000038146973,2852.2099609375
2020-06-18,5.449999809265137,3067.840087890625
2020-06-19,5.614999771118164,3028.97998046875
2020-06-22,5.494999885559082,3075.3701171875
2020-06-23,5.829999923706055,3185.68994140625
2020-06-24,5.664999961853027,3184.43994140625
2020-06-25,5.255000114440918,3156.860107421875
2020-06-26,5.105000019073486,3100.43994140625
2020-06-29,5.840000152587891,3338.64990234375
2020-06-30,6.164999961853027,3381.27001953125
2020-07-01,5.864999771118164,3474.050048828125
2020-07-02,5.945000171661377,3431.419921875
2020-07-06,6.09499979019165,3723.5400390625
2020-07-07,6.125,3684.669921875
2020-07-08,5.934999942779541,3675.89990234375
2020-07-09,5.755000114440918,3586.8798828125
2020-07-10,5.474999904632568,3638.2900390625
2020-07-13,5.110000133514404,3679.659912109375
2020-07-14,5.085000038146973,3716.02001953125
2020-07-15,5.224999904632568,3616.969970703125
2020-07-16,5.059999942779541,3336.139892578125
2020-07-17,5.114999771118164,3487.840087890625
2020-07-20,4.730000019073486,3280.97998046875
2020-07-21,4.789999961853027,3336.139892578125
2020-07-22,4.829999923706055,3338.64990234375
2020-07-23,4.985000133514404,3426.409912109375
2020-07-24,5.010000228881836,3306.050048828125
2020-07-27,4.784999847412109,3135.550048828125
2020-07-28,4.960000038146973,3227.070068359375
2020-07-29,5.175000190734863,3283.47998046875
2020-07-30,5.224999904632568,3201.989990234375
2020-07-31,6.025000095367432,3294.77001953125
2020-08-03,6.800000190734863,3275.9599609375
2020-08-04,7.355000019073486,3363.719970703125
2020-08-05,7.320000171661377,3356.199951171875
2020-08-06,7.940000057220459,3308.56005859375
2020-08-07,7.929999828338623,3312.320068359375
2020-08-10,7.590000152587891,3348.679931640625
2020-08-11,7.414999961853027,3283.47998046875
2020-08-12,7.170000076293945,3255.89990234375
2020-08-13,7.309999942779541,3188.199951171875
2020-08-14,8.020000457763672,3194.469970703125
2020-08-17,8.180000305175781,3297.27001953125
2020-08-18,8.550000190734863,3328.6201171875
2020-08-19,8.354999542236328,3288.5
2020-08-20,8.149999618530273,3247.1298828125
2020-08-21,7.619999885559082,3215.780029296875
2020-08-24,8.359999656677246,3445.2099609375
2020-08-25,8.864999771118164,3586.8798828125
2020-08-26,9.149999618530273,3588.139892578125
2020-08-27,8.869999885559082,3556.7900390625
2020-08-28,11.170000076293945,3700.969970703125
2020-08-31,11.239999771118164,3593.14990234375
2020-09-01,11.295000076293945,3477.81005859375
2020-09-02,11.109999656677246,3539.239990234375
2020-09-03,11.734999656677246,3603.179931640625
2020-09-04,11.680000305175781,3430.169921875
2020-09-08,10.800000190734863,3358.7099609375
2020-09-09,10.734999656677246,3410.110107421875
2020-09-10,10.515000343322754,3563.06005859375
2020-09-11,10.494999885559082,3543.0
2020-09-14,10.704999923706055,3820.070068359375
2020-09-15,10.895000457763672,3734.820068359375
2020-09-16,11.319999694824219,3759.89990234375
2020-09-17,11.119999885559082,3564.320068359375
2020-09-18,11.475000381469727,3509.14990234375
2020-09-21,11.494999885559082,3309.81005859375
2020-09-22,11.704999923706055,3491.60009765625
2020-09-23,12.020000457763672,3322.35009765625
2020-09-24,11.635000228881836,3358.7099609375
2020-09-25,11.664999961853027,3280.97998046875
2020-09-28,12.350000381469727,3474.050048828125
2020-09-29,12.279999732971191,3358.7099609375
2020-09-30,13.28499984741211,3376.260009765625
2020-10-01,13.180000305175781,3323.60009765625
2020-10-02,13.024999618530273,3388.800048828125
2020-10-05,13.420000076293945,3377.510009765625
2020-10-06,13.305000305175781,3358.7099609375
2020-10-07,13.710000038146973,3372.5
2020-10-08,13.899999618530273,3302.2900390625
2020-10-09,13.755000114440918,3223.31005859375
2020-10-12,13.84000015258789,3243.360107421875
2020-10-13,13.595000267028809,3161.8701171875
2020-10-14,13.869999885559082,3228.320068359375
2020-10-15,14.239999771118164,3129.280029296875
2020-10-16,14.5,3120.5
2020-10-19,14.720000267028809,3131.780029296875
2020-10-20,14.895000457763672,3060.320068359375
2020-10-21,14.864999771118164,2953.760009765625
2020-10-22,15.255000114440918,3031.489990234375
2020-10-23,15.40999984741211,3195.719970703125
2020-10-26,14.864999771118164,2990.110107421875
2020-10-27,14.744999885559082,3017.699951171875
2020-10-28,14.484999656677246,2887.31005859375
2020-10-29,14.21500015258789,2967.550048828125
2020-10-30,14.0600004196167,2972.56005859375
2020-11-02,13.654999732971191,2967.550048828125
2020-11-03,13.664999961853027,3057.81005859375
2020-11-04,13.885000228881836,3148.080078125
2020-11-05,14.454999923706055,3257.159912109375
2020-11-06,13.899999618530273,3186.949951171875
2020-11-09,13.854999542236328,3328.5400390625
2020-11-10,14.03499984741211,3288.4599609375
2020-11-11,14.095000267028809,3275.570068359375
2020-11-12,14.0,3249.300048828125
2020-11-13,14.239999771118164,3294.320068359375
2020-11-16,14.494999885559082,3433.050048828125
2020-11-17,13.970000267028809,3339.360107421875
2020-11-18,13.680000305175781,3409.030029296875
2020-11-19,13.020000457763672,3304.199951171875
2020-11-20,12.895000457763672,3354.090087890625
2020-11-23,13.53499984741211,3418.949951171875
2020-11-24,13.899999618530273,3466.35009765625
2020-11-25,13.930000305175781,3466.35009765625
2020-11-27,14.484999656677246,3533.7099609375
2020-11-30,15.140000343322754,3659.68994140625
2020-12-01,14.90999984741211,3626.010009765625
2020-12-02,14.904999732971191,3710.830078125
2020-12-03,14.145000457763672,3642.22998046875
2020-12-04,14.645000457763672,3780.679931640625
2020-12-07,14.354999542236328,3719.56005859375
2020-12-08,14.444999694824219,3713.320068359375
2020-12-09,14.734999656677246,3730.7900390625
2020-12-10,15.539999961853027,3881.7099609375
2020-12-11,15.960000038146973,3833.070068359375
2020-12-14,16.604999542236328,3867.989990234375
2020-12-15,17.225000381469727,4013.929931640625
2020-12-16,16.3799991607666,3964.0400390625
2020-12-17,15.9399995803833,3986.489990234375
2020-12-18,15.885000228881836,3879.219970703125
2020-12-21,16.795000076293945,3853.030029296875
2020-12-22,17.635000228881836,3885.4599609375
2020-12-23,17.5049991607666,3981.5
2020-12-28,19.149999618530273,4171.10009765625
2020-12-29,18.774999618530273,4118.7099609375
2020-12-30,19.0,4015.179931640625
2021-01-04,19.844999313354492,4202.27978515625
2021-01-05,18.0049991607666,4111.22021484375
2021-01-06,17.565000534057617,4194.7998046875
2021-01-07,19.30500030517578,4335.740234375
2021-01-08,20.1200008392334,4355.7001953125
2021-01-11,22.125,4307.06005859375
2021-01-12,26.155000686645508,4323.27001953125
2021-01-13,21.5,4197.2900390625
2021-01-14,21.334999084472656,4182.31982421875
2021-01-15,20.200000762939453,3959.050048828125
2021-01-19,20.325000762939453,4127.43994140625
2021-01-20,20.260000228881836,4104.990234375
2021-01-21,20.065000534057617,4254.669921875
2021-01-22,21.485000610351562,4270.8798828125
2021-01-25,20.15999984741211,4136.169921875
2021-01-26,19.510000228881836,4159.8701171875
2021-01-27,19.700000762939453,4151.14013671875
2021-01-28,20.90999984741211,4234.7099609375
2021-01-29,19.81999969482422,4109.97998046875
2021-02-01,18.139999389648438,4097.5
2021-02-02,18.25,4361.93994140625
2021-02-03,17.854999542236328,4668.77978515625
2021-02-04,18.1200008392334,4648.830078125
2021-02-05,18.3799991607666,4764.830078125
2021-02-08,20.18000030517578,4815.97021484375
2021-02-09,19.045000076293945,4772.31005859375
2021-02-10,18.559999465942383,4905.77978515625
2021-02-11,17.375,4834.68017578125
2021-02-12,17.6200008392334,4991.83984375
2021-02-16,16.71500015258789,4847.14990234375
2021-02-17,16.540000915527344,4751.10986328125
2021-02-18,17.329999923706055,4779.7998046875
2021-02-19,16.55500030517578,4665.0400390625
2021-02-22,15.960000038146973,4734.89013671875
2021-02-23,16.25,4823.4501953125
2021-02-24,16.3799991607666,4883.330078125
2021-02-25,15.9350004196167,4772.31005859375
2021-02-26,15.694999694824219,4650.06982421875
2021-03-01,16.079999923706055,4631.35986328125
2021-03-02,15.869999885559082,4783.5400390625
2021-03-03,15.524999618530273,4673.77001953125
2021-03-04,15.930000305175781,4759.83984375
2021-03-05,16.364999771118164,4867.10986328125
2021-03-08,16.149999618530273,4880.830078125
2021-03-09,16.924999237060547,5070.43017578125
2021-03-10,17.6299991607666,5181.43994140625
2021-03-11,18.125,5230.08984375
2021-03-12,18.450000762939453,5344.83984375
2021-03-15,17.93000030517578,5287.4599609375
2021-03-16,17.65999984741211,5188.919921875
2021-03-17,17.969999313354492,5362.2998046875
2021-03-18,17.760000228881836,5288.7099609375
2021-03-19,17.264999389648438,5235.06982421875
2021-03-22,18.045000076293945,5343.58984375
2021-03-23,18.389999389648438,5167.72021484375
2021-03-24,18.59000015258789,5188.919921875
2021-03-25,18.364999771118164,5033.009765625
2021-03-26,18.700000762939453,5205.14013671875
2021-03-29,18.44499969482422,5220.10986328125
2021-03-30,18.80500030517578,5245.0498046875
2021-03-31,18.9950008392334,5307.419921875
2021-04-01,19.170000076293945,5297.43994140625
2021-04-06,19.780000686645508,5518.22021484375
2021-04-07,19.28499984741211,5470.81982421875
2021-04-08,18.989999771118164,5423.419921875
2021-04-09,18.940000534057617,5443.3798828125
2021-04-12,19.649999618530273,5548.16015625
2021-04-13,19.510000228881836,5469.56982421875
2021-04-14,19.68000030517578,5465.830078125
2021-04-15,20.260000228881836,5508.240234375
2021-04-16,20.540000915527344,5540.669921875
2021-04-19,20.940000534057617,5531.93994140625
2021-04-20,21.065000534057617,5599.2998046875
2021-04-21,21.110000610351562,5726.52978515625
2021-04-22,21.3700008392334,5873.7099609375
2021-04-23,20.045000076293945,5856.25
2021-04-26,20.0,5887.43017578125
2021-04-27,21.405000686645508,5899.91015625
2021-04-28,21.55500030517578,5961.02978515625
2021-04-29,22.5,5989.7099609375
2021-04-30,23.28499984741211,6092.0
2021-05-03,23.815000534057617,6164.33984375
2021-05-04,23.049999237060547,6063.31005859375
2021-05-05,23.959999084472656,6168.080078125
2021-05-06,24.329999923706055,6229.2001953125
2021-05-07,23.940000534057617,6292.81982421875
2021-05-10,25.190000534057617,6513.60009765625
2021-05-11,25.80500030517578,6615.8798828125
2021-05-12,26.420000076293945,6900.27001953125
2021-05-13,26.25,6796.740234375
2021-05-14,26.829999923706055,7066.169921875
2021-05-17,26.309999465942383,7027.5
2021-05-18,24.809999465942383,6619.6201171875
2021-05-19,22.665000915527344,6196.77001953125
2021-05-20,24.684999465942383,6573.47021484375
2021-05-21,24.795000076293945,6454.97021484375
2021-05-25,26.190000534057617,6650.7998046875
2021-05-26,26.424999237060547,6694.4599609375
2021-05-27,25.200000762939453,6466.2001953125
2021-05-28,24.93000030517578,6365.16015625
2021-06-01,25.975000381469727,6537.2998046875
2021-06-02,25.725000381469727,6411.31005859375
2021-06-03,25.704999923706055,6266.6201171875
2021-06-04,25.795000076293945,6232.93994140625
2021-06-07,26.489999771118164,6420.0498046875
2021-06-08,27.799999237060547,6507.35986328125
2021-06-09,28.299999237060547,6674.5
2021-06-10,28.684999465942383,6708.18017578125
2021-06-11,27.844999313354492,6569.72998046875
2021-06-14,28.809999465942383,6598.41015625
2021-06-15,28.135000228881836,6411.31005859375
2021-06-16,28.030000686645508,6403.830078125
2021-06-17,28.309999465942383,6350.18994140625
2021-06-18,29.405000686645508,6473.68017578125
2021-06-21,29.614999771118164,6538.5400390625
2021-06-22,30.735000610351562,6662.02978515625
2021-06-23,31.545000076293945,6819.18994140625
2021-06-24,32.01499938964844,6871.580078125
2021-06-25,32.3849983215332,6866.58984375
2021-06-28,32.28900146484375,6922.72021484375
2021-06-29,33.486000061035156,6940.18994140625
2021-06-30,34.62200164794922,7031.240234375
2021-07-01,36.143001556396484,7190.89990234375
2021-07-02,35.82699966430664,7153.47998046875
2021-07-06,34.10499954223633,6738.1201171875
2021-07-07,32.3380012512207,6563.490234375
2021-07-08,33.3120002746582,6529.81005859375
2021-07-09,36.63199996948242,6768.0498046875
2021-07-12,34.64899826049805,6449.97998046875
2021-07-13,35.4630012512207,6592.18017578125
2021-07-14,34.775001525878906,6657.0400390625
2021-07-15,33.797000885009766,6607.14990234375
2021-07-16,34.84199905395508,6597.169921875
2021-07-19,35.64899826049805,6537.2998046875
2021-07-20,35.165000915527344,6387.60986328125
2021-07-21,35.94900131225586,6503.6201171875
2021-07-22,36.12900161743164,6335.22998046875
2021-07-23,35.52299880981445,6347.7001953125
2021-07-26,36.91400146484375,6635.830078125
2021-07-27,37.59000015258789,6599.66015625
2021-07-28,39.698001861572266,6715.66015625
2021-07-29,41.15399932861328,6741.85986328125
2021-07-30,40.75600051879883,6652.0498046875
2021-08-02,42.15299987792969,6789.259765625
2021-08-03,41.24300003051758,6759.31982421875
2021-08-04,42.25299835205078,6917.72998046875
2021-08-05,42.89899826049805,6982.58984375
2021-08-06,43.11800003051758,7067.41015625
2021-08-09,42.7859992980957,7062.419921875
2021-08-10,44.654998779296875,7160.9599609375
2021-08-11,45.986000061035156,7207.1201171875
2021-08-12,45.87099838256836,7017.52001953125
2021-08-13,44.62799835205078,6907.75
2021-08-16,47.987998962402344,7254.509765625
2021-08-17,46.94900131225586,7138.509765625
2021-08-18,45.3849983215332,7126.0400390625
2021-08-19,40.39500045776367,6673.25
2021-08-20,41.944000244140625,6783.02001953125
2021-08-23,41.68000030517578,6902.759765625
2021-08-24,44.869998931884766,7064.919921875
2021-08-25,45.28499984741211,7052.4501953125
2021-08-26,45.78799819946289,7092.35986328125
2021-08-27,47.805999755859375,7359.2900390625
2021-08-30,49.67900085449219,7578.81982421875
2021-08-31,50.3380012512207,7578.81982421875
2021-09-01,50.231998443603516,7498.990234375
2021-09-02,51.91600036621094,7673.6201171875
2021-09-03,51.505001068115234,7648.669921875
2021-09-07,53.90800094604492,7732.240234375
2021-09-08,55.28799819946289,7789.6201171875
2021-09-09,56.58100128173828,7827.0400390625
2021-09-10,57.91600036621094,7598.77978515625
2021-09-13,61.27899932861328,7617.490234375
2021-09-14,65.76399993896484,7465.31005859375
2021-09-15,70.70700073242188,7466.56005859375
2021-09-16,63.250999450683594,7397.9599609375
2021-09-17,65.10299682617188,7419.16015625
2021-09-20,75.31700134277344,7568.83984375
2021-09-21,73.78199768066406,7503.97998046875
2021-09-22,71.69200134277344,7558.85986328125
2021-09-23,69.68399810791016,7551.3798828125
2021-09-24,70.23999786376953,7850.740234375
2021-09-27,76.50700378417969,8029.10986328125
2021-09-28,78.56500244140625,7723.509765625
2021-09-29,86.60900115966797,7843.259765625
2021-09-30,97.77400207519531,7701.06005859375
2021-10-01,93.625,7738.47998046875
2021-10-04,96.6520004272461,7908.1201171875
2021-10-05,116.0199966430664,8072.77001953125
2021-10-06,108.19100189208984,7374.259765625
2021-10-07,96.58399963378906,7530.18017578125
2021-10-08,87.60600280761719,7275.72021484375
2021-10-11,85.21600341796875,7378.0
2021-10-12,85.697998046875,7350.56005859375
2021-10-13,93.61599731445312,7368.02001953125
2021-10-14,102.1719970703125,7663.64013671875
2021-10-15,93.64800262451172,7414.169921875
2021-10-18,93.93299865722656,7304.41015625
2021-10-19,89.93199920654297,6804.22998046875
2021-10-20,93.45099639892578,7207.1201171875
2021-10-21,88.46299743652344,7232.06005859375
2021-10-22,87.33799743652344,7268.22998046875
2021-10-25,88.64299774169922,7358.0400390625
2021-10-26,88.49299621582031,7460.31982421875
2021-10-27,86.81900024414062,7471.5498046875
2021-10-28,77.03199768066406,7305.64990234375
2021-10-29,64.86399841308594,7323.1201171875
2021-11-01,65.61900329589844,7102.33984375
2021-11-02,67.60600280761719,7416.669921875
2021-11-03,76.54199981689453,7461.56982421875
2021-11-04,73.3759994506836,7466.56005859375
2021-11-05,74.0270004272461,7407.93994140625
2021-11-08,79.0739974975586,7562.39013671875
2021-11-09,72.58699798583984,7535.22998046875
2021-11-10,70.12300109863281,7876.93017578125
2021-11-11,74.79000091552734,7944.14013671875
2021-11-12,75.67500305175781,7890.02978515625
2021-11-15,79.9469985961914,8219.2802734375
2021-11-16,94.18900299072266,8419.759765625
2021-11-17,95.00399780273438,8372.2998046875
2021-11-18,95.16699981689453,8612.08984375
2021-11-19,87.125,8645.599609375
2021-11-22,84.01699829101562,8716.3603515625
2021-11-23,90.927001953125,8625.740234375
2021-11-24,93.98400115966797,9089.990234375
2021-11-26,87.77200317382812,9076.330078125
2021-11-29,93.14600372314453,9252.599609375
2021-11-30,92.51300048828125,9400.3095703125
2021-12-01,95.67500305175781,9582.7802734375
2021-12-02,94.83000183105469,9961.3701171875
2021-12-03,89.47799682617188,9761.5302734375
2021-12-06,89.9280014038086,10135.150390625
2021-12-07,95.88300323486328,10593.1904296875
2021-12-08,101.50199890136719,11098.400390625
2021-12-09,100.44499969482422,10039.580078125
2021-12-10,105.7760009765625,10472.7900390625
2021-12-13,116.08399963378906,10267.9697265625
2021-12-14,128.30099487304688,9945.240234375
2021-12-15,132.28399658203125,10078.0595703125
2021-12-16,142.76499938964844,10639.1201171875
2021-12-17,136.91299438476562,9188.0498046875
2021-12-20,146.92599487304688,9941.509765625
2021-12-21,180.26699829101562,10047.01953125
2021-12-22,172.875,9536.849609375
2021-12-23,132.57899475097656,9242.669921875
2021-12-27,106.89299774169922,9548.01953125
2021-12-28,106.58999633789062,9842.2099609375
2021-12-29,96.47599792480469,9975.0302734375
2021-12-30,87.0270004272461,9950.2001953125
2022-01-03,80.43399810791016,10428.099609375
2022-01-04,88.74099731445312,10539.8203125
2022-01-05,91.52200317382812,10871.240234375
2022-01-06,96.50199890136719,10766.9697265625
2022-01-07,88.17400360107422,10603.1201171875
2022-01-10,84.60700225830078,9941.509765625
2022-01-11,78.73600006103516,10091.7099609375
2022-01-12,75.15299987792969,9931.580078125
2022-01-13,85.45999908447266,9999.849609375
2022-01-14,86.97000122070312,10188.5302734375
2022-01-18,78.33399963378906,10261.76953125
2022-01-19,75.60199737548828,10189.76953125
2022-01-20,75.2030029296875,10624.2197265625
2022-01-21,78.9800033569336,10485.2001953125
2022-01-24,93.0,10429.33984375
2022-01-25,93.58200073242188,10855.099609375
2022-01-26,91.83699798583984,11005.2998046875
2022-01-27,92.3010025024414,11141.83984375
2022-01-28,92.06199645996094,11074.8095703125
2022-01-31,84.6719970703125,11077.2998046875
2022-02-01,76.16699981689453,11112.0498046875
2022-02-02,77.35099792480469,11694.2197265625
2022-02-03,80.2229995727539,11768.7001953125
2022-02-04,82.6520004272461,11972.26953125
2022-02-07,79.59500122070312,12003.2998046875
2022-02-08,77.30000305175781,12031.849609375
2022-02-09,74.41699981689453,11269.7001953125
2022-02-10,74.35299682617188,11268.4501953125
2022-02-11,77.4260025024414,11527.8798828125
2022-02-14,80.77100372314453,11390.099609375
2022-02-15,70.91899871826172,11313.1396484375
2022-02-16,69.79499816894531,11154.259765625
2022-02-17,74.91400146484375,10729.73046875
2022-02-18,73.76200103759766,11105.849609375
2022-02-22,79.78900146484375,11143.080078125
2022-02-23,88.89099884033203,11800.9697265625
2022-02-24,134.3159942626953,10802.9697265625
2022-02-25,94.4219970703125,10940.75
2022-02-28,98.59500122070312,10204.669921875
2022-03-01,121.67400360107422,8546.2998046875
2022-03-02,165.54299926757812,8501.6103515625
2022-03-03,160.822998046875,8360.1103515625
2022-03-04,192.5500030517578,8080.81982421875
2022-03-07,227.2010040283203,7236.740234375
2022-03-08,214.5540008544922,8504.099609375
2022-03-09,155.8800048828125,9083.7802734375
2022-03-10,126.39900207519531,9484.7197265625
2022-03-11,131.22900390625,9528.16015625
2022-03-14,114.52200317382812,9716.83984375
2022-03-15,115.43900299072266,9611.330078125
2022-03-16,102.62300109863281,9701.9404296875
2022-03-17,105.08799743652344,9916.6904296875
2022-03-18,105.04399871826172,9792.5595703125
2022-03-21,96.302001953125,9730.490234375
2022-03-22,98.74700164794922,10013.509765625
2022-03-23,117.0009994506836,9508.2998046875
2022-03-24,111.60800170898438,9711.8701171875
2022-03-25,101.26899719238281,9756.5595703125
2022-03-28,102.54499816894531,10030.8896484375
2022-03-29,108.38099670410156,10141.3603515625
2022-03-30,118.97000122070312,9720.5595703125
2022-03-31,125.90599822998047,9493.41015625
2022-04-01,112.1500015258789,9742.91015625
2022-04-04,109.52300262451172,9744.150390625
2022-04-05,108.56400299072266,9688.2900390625
2022-04-06,106.79100036621094,9580.2998046875
2022-04-07,104.56400299072266,9922.8896484375
2022-04-08,103.88200378417969,9941.509765625
2022-04-11,100.13700103759766,9675.8798828125
2022-04-12,102.21900177001953,9807.4501953125
2022-04-13,105.3239974975586,9612.5703125
2022-04-14,95.62000274658203,9926.6201171875
2022-04-19,93.76799774169922,9955.169921875
2022-04-20,94.23100280761719,10901.0302734375
2022-04-21,100.06099700927734,10729.73046875
2022-04-22,94.875,11046.259765625
2022-04-25,92.83699798583984,10359.830078125
2022-04-26,103.20800018310547,10266.73046875
2022-04-27,107.427001953125,10055.7099609375
2022-04-28,100.14199829101562,10263.009765625
2022-04-29,99.44999694824219,10482.7197265625
2022-05-02,97.0510025024414,10307.6904296875
2022-05-03,99.4260025024414,10946.9599609375
2022-05-04,103.82099914550781,10961.8603515625
2022-05-05,106.50800323486328,11036.330078125
2022-05-06,101.70800018310547,11362.7900390625
2022-05-09,93.78700256347656,10801.73046875
2022-05-10,98.8010025024414,10841.4501953125
2022-05-11,94.01200103759766,11026.400390625
2022-05-12,106.70099639892578,10955.650390625
2022-05-13,96.88099670410156,10982.9599609375
2022-05-16,92.86000061035156,11117.01953125
2022-05-17,94.17500305175781,11385.1396484375
2022-05-18,94.53800201416016,10506.2998046875
2022-05-19,91.02400207519531,10325.0703125
2022-05-20,87.9020004272461,9978.75
2022-05-23,83.28800201416016,9700.7001953125
2022-05-24,84.50700378417969,10094.1904296875
2022-05-25,88.0780029296875,10104.1201171875
2022-05-26,85.97100067138672,10521.2001953125
2022-05-27,86.875,10451.6796875
2022-05-31,94.00399780273438,10429.33984375
2022-06-01,85.5510025024414,10685.0498046875
2022-06-02,83.94499969482422,10717.3203125
2022-06-03,83.10099792480469,10783.1103515625
2022-06-06,82.55799865722656,10107.849609375
2022-06-07,79.60800170898438,10092.9501953125
2022-06-08,79.40699768066406,9906.759765625
2022-06-09,84.87999725341797,10055.7099609375
2022-06-10,82.46399688720703,10161.2197265625
2022-06-13,83.4020004272461,10121.5
2022-06-14,97.04000091552734,10445.48046875
2022-06-15,120.33200073242188,10699.9404296875
2022-06-16,124.36399841308594,10302.73046875
2022-06-17,117.73799896240234,10224.5302734375
2022-06-21,125.55999755859375,10517.4697265625
2022-06-22,127.1709976196289,10163.7001953125
2022-06-23,133.3470001220703,10443.0
2022-06-24,128.5050048828125,10356.099609375
2022-06-27,129.45899963378906,10557.1904296875
2022-06-28,129.17599487304688,10848.900390625
2022-06-29,139.58799743652344,10966.8203125
2022-06-30,144.51400756835938,11191.490234375
2022-07-01,147.78399658203125,10622.98046875
2022-07-05,165.072998046875,10326.3095703125
2022-07-06,170.99899291992188,10330.0400390625
2022-07-07,183.18299865722656,10541.0595703125
2022-07-08,175.21200561523438,10276.66015625
2022-07-11,164.52000427246094,10471.5400390625
2022-07-12,172.60899353027344,10631.669921875
2022-07-13,180.5050048828125,10409.48046875
2022-07-14,175.0330047607422,10423.1298828125
2022-07-15,159.56700134277344,10598.16015625
2022-07-18,157.25799560546875,10543.5400390625
2022-07-19,154.45700073242188,10383.41015625
2022-07-20,155.03799438476562,9786.349609375
2022-07-21,155.60000610351562,9695.740234375
2022-07-22,159.86399841308594,9471.0595703125
2022-07-25,176.61599731445312,9479.75
2022-07-26,199.91799926757812,9518.23046875
2022-07-27,205.22500610351562,9451.2001953125
2022-07-28,198.92999267578125,9801.25
2022-07-29,190.9149932861328,9750.349609375
2022-08-01,200.79400634765625,10002.33984375
2022-08-02,205.1739959716797,10172.3896484375
2022-08-03,199.19500732421875,10425.6201171875
2022-08-04,199.2480010986328,10450.4404296875
2022-08-05,196.32000732421875,10521.2001953125
2022-08-08,193.05499267578125,10403.26953125
2022-08-09,192.1840057373047,10666.4296875
2022-08-10,205.36700439453125,10665.1904296875
2022-08-11,208.11000061035156,10867.51953125
2022-08-12,206.10800170898438,11031.3701171875
2022-08-15,220.11000061035156,11268.4501953125
2022-08-16,225.91400146484375,11429.8203125
2022-08-17,225.8350067138672,11891.580078125
2022-08-18,241.00399780273438,11921.3701171875
2022-08-19,244.5500030517578,12165.91015625
2022-08-22,276.74798583984375,11440.990234375
2022-08-23,269.04901123046875,11083.5
2022-08-24,292.1499938964844,11077.2998046875
2022-08-25,321.41400146484375,11085.98046875
2022-08-26,339.1960144042969,11210.1103515625
2022-08-29,272.6029968261719,10757.0400390625
2022-08-30,252.93699645996094,10030.8896484375
2022-08-31,239.90699768066406,9934.0703125
2022-09-01,243.00399780273438,10028.400390625
2022-09-02,214.6649932861328,9668.4296875
2022-09-06,239.8419952392578,8674.150390625
2022-09-07,213.88299560546875,8568.6396484375
2022-09-08,220.54100036621094,8346.4501953125
2022-09-09,207.09100341796875,8202.4599609375
2022-09-12,190.58799743652344,8914.9599609375
2022-09-13,198.61199951171875,8658.01953125
2022-09-14,217.8820037841797,9004.33984375
2022-09-15,214.2830047607422,8918.6904296875
2022-09-16,187.79299926757812,9094.9501953125
2022-09-19,182.26199340820312,8825.58984375
2022-09-20,194.25900268554688,8830.5595703125
2022-09-21,189.781005859375,8662.98046875
2022-09-22,187.46800231933594,8743.669921875
2022-09-23,185.4949951171875,8163.97998046875
2022-09-26,173.83399963378906,8730.009765625
2022-09-27,186.0989990234375,8435.8203125
2022-09-28,207.18699645996094,8087.02001953125
2022-09-29,187.6649932861328,8159.02001953125
2022-09-30,188.8000030517578,8283.150390625
2022-10-03,169.91200256347656,8185.080078125
2022-10-04,161.9499969482422,8306.73046875
2022-10-05,173.6929931640625,8325.349609375
2022-10-06,175.71200561523438,8559.9501953125
2022-10-07,156.20700073242188,8670.4296875
2022-10-10,154.1179962158203,8288.1103515625
2022-10-11,156.781005859375,8234.740234375
2022-10-12,160.19000244140625,8280.66015625
2022-10-13,153.8090057373047,8545.0595703125
2022-10-14,141.9969940185547,8443.26953125
2022-10-17,127.97799682617188,8379.9697265625
2022-10-18,113.22200012207031,8412.240234375
2022-10-19,112.51000213623047,8352.66015625
2022-10-20,127.14700317382812,8300.51953125
2022-10-21,113.57599639892578,8530.16015625
2022-10-24,99.16999816894531,8977.0302734375
2022-10-25,99.79399871826172,9571.6103515625
2022-10-26,104.31999969482422,9407.759765625
2022-10-27,107.38400268554688,9956.41015625
2022-10-28,112.24400329589844,10080.5400390625
2022-10-31,123.35199737548828,9926.6201171875
2022-11-01,116.19300079345703,9523.2001953125
2022-11-02,125.86299896240234,9520.7099609375
2022-11-03,125.44499969482422,9468.580078125
2022-11-04,114.78600311279297,9478.509765625
2022-11-07,109.68299865722656,9618.7802734375
2022-11-08,118.14700317382812,9441.5302734375
2022-11-09,113.14399719238281,9032.66015625
2022-11-10,113.4520034790039,9067.1396484375
2022-11-11,97.85299682617188,9405.8203125
2022-11-14,113.7040023803711,9334.0400390625
2022-11-15,124.10399627685547,9508.849609375
2022-11-16,113.9000015258789,9117.2802734375
2022-11-17,112.55599975585938,8994.08984375
2022-11-18,115.50900268554688,8998.1796875
2022-11-21,116.12799835205078,9254.1396484375
2022-11-22,119.63899993896484,9167.23046875
2022-11-23,129.6199951171875,9400.580078125
2022-11-25,124.37000274658203,9758.9404296875
2022-11-28,123.28199768066406,9762.509765625
2022-11-29,132.28599548339844,10054.1904296875
2022-11-30,146.39700317382812,10497.080078125
2022-12-01,139.25799560546875,10558.990234375
2022-12-02,135.56199645996094,10849.48046875
2022-12-05,134.69900512695312,10814.9599609375
2022-12-06,138.48800659179688,10870.91015625
2022-12-07,149.2449951171875,10917.33984375
2022-12-08,138.89300537109375,10985.2001953125
2022-12-09,139.11300659179688,10885.2001953125
2022-12-12,136.58999633789062,11163.7900390625
2022-12-13,137.5290069580078,10982.8203125
2022-12-14,131.51100158691406,10735.1904296875
2022-12-15,134.76699829101562,10611.3701171875
2022-12-16,115.45099639892578,10406.599609375
2022-12-19,108.54299926757812,10397.0703125
2022-12-20,105.68800354003906,10741.1396484375
2022-12-21,97.75199890136719,10464.9296875
2022-12-22,91.93800354003906,10628.0400390625
2022-12-23,82.97699737548828,10639.9404296875
2022-12-27,80.04299926757812,10512.5595703125
2022-12-28,81.35099792480469,10244.6796875
2022-12-29,83.83000183105469,10048.240234375
2022-12-30,76.31500244140625,9997.0498046875
2023-01-03,72.31400299072266,9949.4296875
2023-01-04,65.02200317382812,9260.099609375
2023-01-05,72.4219970703125,9385.099609375
2023-01-06,69.53399658203125,9213.669921875
2023-01-09,74.302001953125,9697.0302734375
2023-01-10,70.07099914550781,9588.6904296875
2023-01-11,65.34600067138672,9405.33984375
2023-01-12,66.80899810791016,9552.9697265625
2023-01-13,64.81199645996094,9507.73046875
2023-01-17,60.06100082397461,9472.009765625
2023-01-18,61.70899963378906,9912.51953125
2023-01-19,60.71699905395508,9988.7099609375
2023-01-20,66.89800262451172,10129.2001953125
2023-01-23,65.9990005493164,10142.2900390625
2023-01-24,58.26900100708008,9723.2197265625
2023-01-25,56.65999984741211,10031.5703125
2023-01-26,54.814998626708984,10638.75
2023-01-27,55.42499923706055,10623.2802734375
2023-01-30,55.15599822998047,10668.51953125
2023-01-31,57.35200119018555,11073.2998046875
2023-02-01,59.527000427246094,11363.7998046875
2023-02-02,57.040000915527344,11073.2998046875
2023-02-03,57.888999938964844,11106.6396484375
2023-02-06,58.10900115966797,10819.7197265625
2023-02-07,55.40299987792969,10749.4697265625
2023-02-08,53.6870002746582,10748.2802734375
2023-02-09,52.73400115966797,10829.240234375
2023-02-10,53.946998596191406,11075.6904296875
2023-02-13,51.707000732421875,10979.25
2023-02-14,52.38600158691406,10959.009765625
2023-02-15,54.715999603271484,11235.2197265625
2023-02-16,52.01100158691406,11612.6201171875
2023-02-17,49.047000885009766,11459.0400390625
2023-02-21,48.54199981689453,11945.98046875
2023-02-22,50.56800079345703,11520.9501953125
2023-02-23,50.779998779296875,11617.3896484375
2023-02-24,51.01300048828125,11594.76953125
2023-02-27,47.29899978637695,11932.8798828125
2023-02-28,46.665000915527344,11881.6904296875
2023-03-01,47.08399963378906,11538.8095703125
2023-03-02,46.814998626708984,11117.349609375
2023-03-03,44.97999954223633,10974.490234375
2023-03-06,42.14899826049805,11069.73046875
2023-03-07,43.369998931884766,11392.3701171875
2023-03-08,42.3390007019043,11649.5302734375
2023-03-09,43.5989990234375,11717.3896484375
2023-03-10,52.856998443603516,11881.6904296875
2023-03-13,49.58399963378906,11563.8095703125
2023-03-14,44.185001373291016,11034.01953125
2023-03-15,42.904998779296875,10619.7001953125
2023-03-16,44.340999603271484,10366.1201171875
2023-03-17,42.856998443603516,10392.3095703125
2023-03-20,39.32500076293945,10456.599609375
2023-03-21,42.400001525878906,10682.7998046875
2023-03-22,39.974998474121094,10675.66015625
2023-03-23,43.18600082397461,11022.1103515625
2023-03-24,41.09400177001953,10435.169921875
2023-03-27,42.52799987792969,10406.599609375
2023-03-28,42.75199890136719,10633.990234375
2023-03-29,42.803001403808594,10749.4697265625
2023-03-30,43.60900115966797,10829.240234375
2023-03-31,47.845001220703125,10944.7197265625
2023-04-03,51.367000579833984,11399.51953125
2023-04-04,46.56800079345703,11305.4599609375
2023-04-05,44.57500076293945,11504.2802734375
2023-04-06,43.125,11507.8603515625
2023-04-11,43.69200134277344,11600.7197265625
2023-04-12,42.880001068115234,11419.75
2023-04-13,42.09299850463867,11244.740234375
2023-04-14,41.14899826049805,11172.1201171875
2023-04-17,41.12699890136719,11076.8798828125
2023-04-18,42.72200012207031,11347.1298828125
2023-04-19,40.29800033569336,11244.740234375
2023-04-20,40.564998626708984,10948.2998046875
2023-04-21,40.16400146484375,10681.6103515625
2023-04-24,39.92499923706055,10523.26953125
2023-04-25,39.83300018310547,10356.58984375
2023-04-26,38.55099868774414,10195.8701171875
2023-04-27,39.03900146484375,10244.6796875
2023-04-28,38.53799819946289,10398.259765625
2023-05-02,37.52899932861328,10525.650390625
2023-05-03,36.78200149536133,10119.669921875
2023-05-04,35.65299987792969,10080.3896484375
2023-05-05,36.57400131225586,10114.91015625
2023-05-08,36.874000549316406,10168.490234375
2023-05-09,35.95000076293945,10330.400390625
2023-05-10,34.99300003051758,10654.23046875
2023-05-11,34.99300003051758,10522.080078125
2023-05-12,32.766998291015625,10533.990234375
2023-05-15,32.31399917602539,10354.2099609375
2023-05-16,31.820999145507812,10547.080078125
2023-05-17,31.952999114990234,10494.7001953125
2023-05-18,29.78499984741211,10697.08984375
2023-05-19,30.176000595092773,10700.66015625
2023-05-22,29.711000442504883,10448.26953125
2023-05-23,29.12700080871582,10179.2001953125
2023-05-24,27.78499984741211,10137.5302734375
2023-05-25,25.45199966430664,9880.3701171875
2023-05-26,24.520000457763672,9798.23046875
2023-05-30,24.680999755859375,9586.3095703125
2023-05-31,26.851999282836914,9645.83984375
2023-06-01,23.10300064086914,9372.009765625
2023-06-02,23.68899917602539,9404.150390625
2023-06-05,28.47800064086914,9819.66015625
2023-06-06,24.860000610351562,9723.2197265625
2023-06-07,26.33099937438965,9945.849609375
2023-06-08,26.94499969482422,9999.4296875
2023-06-09,32.04899978637695,10332.7802734375
2023-06-12,31.035999298095703,10455.41015625
2023-06-13,36.05099868774414,10703.0400390625
2023-06-14,38.3120002746582,11110.2099609375
2023-06-15,41.14500045776367,11103.0703125
2023-06-16,35.007999420166016,10994.73046875
2023-06-20,38.70800018310547,11292.3701171875
2023-06-21,36.74300003051758,10780.4296875
2023-06-22,34.09700012207031,10732.8095703125
2023-06-23,32.50699996948242,10462.5498046875
2023-06-26,31.975000381469727,10268.490234375
2023-06-27,34.50600051879883,10578.0400390625
2023-06-28,34.125,10443.5
2023-06-29,35.18000030517578,10463.740234375
2023-06-30,37.10300064086914,10605.419921875
2023-07-03,33.92900085449219,10395.8798828125
2023-07-05,34.37300109863281,10216.1103515625
2023-07-06,32.347999572753906,10233.9697265625
2023-07-07,33.47800064086914,10257.7802734375
2023-07-10,30.226999282836914,10274.4501953125
2023-07-11,29.06100082397461,10326.830078125
2023-07-12,26.638999938964844,10216.1103515625
2023-07-13,26.60700035095215,10219.6796875
2023-07-14,25.957000732421875,10243.490234375
2023-07-17,25.10099983215332,10297.0703125
2023-07-18,27.069000244140625,10399.4501953125
2023-07-19,26.96299934387207,10617.3203125
2023-07-20,28.01799964904785,10776.8603515625
2023-07-21,28.163999557495117,10885.2001953125
2023-07-24,30.55699920654297,10847.099609375
2023-07-25,32.64799880981445,10944.7197265625
2023-07-26,29.274999618530273,10814.9599609375
2023-07-27,28.43400001525879,10841.150390625
2023-07-28,25.840999603271484,10557.7998046875
2023-07-31,28.365999221801758,10318.5
2023-08-01,27.12299919128418,10131.580078125
2023-08-02,28.742000579833984,9935.1396484375
2023-08-03,30.472999572753906,10092.2900390625
2023-08-04,28.85300064086914,9958.9501953125
2023-08-07,30.48699951171875,9843.4697265625
2023-08-08,31.06599998474121,10041.099609375
2023-08-09,39.823001861572266,9994.669921875
2023-08-10,37.055999755859375,10107.76953125
2023-08-11,35.29999923706055,10325.6396484375
2023-08-14,34.433998107910156,10444.6904296875
2023-08-15,38.8129997253418,10373.259765625
2023-08-16,37.784000396728516,10531.599609375
2023-08-17,36.82500076293945,10576.849609375
2023-08-18,36.40999984741211,10478.0302734375
2023-08-21,40.78200149536133,10462.5498046875
2023-08-22,42.90800094604492,10699.4697265625
2023-08-23,36.7859992980957,10503.0302734375
2023-08-24,31.937999725341797,10219.6796875
2023-08-25,34.777000427246094,10166.1103515625
2023-08-28,38.41400146484375,10200.6298828125
2023-08-29,35.19499969482422,10092.2900390625
2023-08-30,35.992000579833984,10267.2998046875
2023-08-31,35.02899932861328,10210.16015625
2023-09-01,35.617000579833984,10151.8203125
2023-09-05,34.44900131225586,9982.759765625
2023-09-06,31.075000762939453,9961.330078125
2023-09-07,32.755001068115234,9873.23046875
2023-09-08,34.507999420166016,9705.3603515625
2023-09-11,35.847999572753906,9720.83984375
2023-09-12,34.70100021362305,9652.98046875
2023-09-13,36.81700134277344,9882.75
2023-09-14,35.520999908447266,9895.849609375
2023-09-15,36.483001708984375,9799.419921875
2023-09-18,34.474998474121094,9624.41015625
2023-09-19,36.78200149536133,9670.83984375
2023-09-20,37.284000396728516,9858.9404296875
2023-09-21,39.10499954223633,10017.2900390625
2023-09-22,39.79100036621094,10176.8203125
2023-09-25,44.44200134277344,10151.8203125
2023-09-26,40.321998596191406,9872.0400390625
2023-09-27,39.29600143432617,9797.0302734375
2023-09-28,39.736000061035156,9847.0400390625
2023-09-29,41.85900115966797,9723.2197265625
2023-10-02,39.334999084472656,9619.6396484375
2023-10-03,36.98699951171875,9482.73046875
2023-10-04,38.441001892089844,9723.2197265625
2023-10-05,36.207000732421875,9585.1201171875
2023-10-06,38.23099899291992,9579.16015625
2023-10-09,43.952999114990234,9732.75
2023-10-10,49.45500183105469,10098.240234375
2023-10-11,46.06800079345703,10014.91015625
2023-10-12,53.00199890136719,10147.0595703125
2023-10-13,53.981998443603516,10232.7802734375
2023-10-16,48.46699905395508,9923.23046875
2023-10-17,48.895999908447266,9827.990234375
2023-10-18,50.83300018310547,9745.83984375
2023-10-19,50.172000885009766,9733.9404296875
2023-10-20,51.11199951171875,9692.26953125
2023-10-23,51.2760009765625,9583.9296875
2023-10-24,49.263999938964844,9593.4501953125
2023-10-25,49.92399978637695,9514.8701171875
2023-10-26,50.808998107910156,9482.73046875
2023-10-27,50.53200149536133,9447.009765625
2023-10-30,50.547000885009766,9372.009765625
2023-10-31,48.00600051879883,9411.2998046875
2023-11-01,47.75699996948242,9350.580078125
2023-11-02,48.56399917602539,9358.91015625
2023-11-03,48.05699920654297,9243.4296875
2023-11-06,44.832000732421875,9029.1298828125
2023-11-07,46.05699920654297,8958.8896484375
2023-11-08,45.777000427246094,9012.2099609375
2023-11-09,48.12900161743164,9210.7900390625
2023-11-10,46.63199996948242,9366.080078125
2023-11-13,47.87300109863281,9218.990234375
2023-11-14,47.608001708984375,9356.7099609375
2023-11-15,47.0369987487793,9489.2998046875
2023-11-16,45.8489990234375,9167.580078125
2023-11-17,45.06399917602539,9112.1103515625
2023-11-20,45.82099914550781,9116.91015625
2023-11-21,44.064998626708984,8969.240234375
2023-11-22,44.61600112915039,8947.66015625
2023-11-23,46.58000183105469,9111.23046875
2023-11-24,46.65700149536133,9112.3701171875
2023-11-27,43.98400115966797,8761.3701171875
2023-11-28,42.77399826049805,8681.849609375
2023-11-29,40.36000061035156,8447.849609375
2023-11-30,42.090999603271484,8408.08984375
2023-12-01,43.49599838256836,8600.0703125
2023-12-04,40.104000091552734,8344.48046875
2023-12-05,38.132999420166016,8130.93017578125
2023-12-06,39.3129997253418,8151.3798828125
2023-12-07,39.96799850463867,8255.8798828125
2023-12-08,38.597999572753906,8143.419921875
2023-12-11,36.11800003051758,7982.1201171875
2023-12-12,34.702999114990234,8085.490234375
2023-12-13,35.8120002746582,8177.5
2023-12-14,34.849998474121094,7910.56005859375
2023-12-15,33.18899917602539,7862.85009765625
2023-12-18,35.52199935913086,8178.64013671875
2023-12-19,32.56800079345703,8147.97021484375
2023-12-20,33.520999908447266,8579.6201171875
2023-12-21,34.202999114990234,8846.5595703125
2023-12-22,34.17399978637695,8962.419921875
2023-12-27,35.51300048828125,9086.240234375
2023-12-28,33.10499954223633,9110.08984375
2023-12-29,32.349998474121094,9129.400390625
2024-01-02,30.57200050354004,8628.4599609375
2024-01-03,32.79499816894531,8786.3603515625
2024-01-04,33.40999984741211,8612.5595703125
2024-01-05,34.55099868774414,8672.759765625
2024-01-08,31.579999923706055,8226.349609375
2024-01-09,30.641000747680664,8171.81982421875
2024-01-10,30.941999435424805,7950.31982421875
2024-01-11,30.816999435424805,7715.18017578125
2024-01-12,31.990999221801758,7475.5
2024-01-16,29.6560001373291,7450.509765625
2024-01-17,27.70800018310547,7173.35009765625
2024-01-18,27.89299964904785,7157.43994140625
2024-01-19,28.429000854492188,7230.14013671875
2024-01-22,27.263999938964844,7047.259765625
2024-01-23,27.226999282836914,7161.990234375
2024-01-24,28.929000854492188,7476.64013671875
2024-01-25,27.784000396728516,7180.16015625
2024-01-26,28.07900047302246,7222.18994140625
2024-01-29,28.173999786376953,7017.72998046875
2024-01-30,29.391000747680664,7214.240234375
2024-01-31,30.235000610351562,7288.080078125
2024-02-01,28.990999221801758,7064.2998046875
2024-02-02,29.304000854492188,7201.75
2024-02-05,28.340999603271484,7118.81982421875
2024-02-06,28.60700035095215,7222.18994140625
2024-02-07,28.18600082397461,7089.2900390625
2024-02-08,27.812000274658203,6904.1298828125
2024-02-09,27.117000579833984,6678.08984375
2024-02-12,25.729000091552734,6462.259765625
2024-02-13,25.43600082397461,6410.009765625
2024-02-14,24.85700035095215,6432.72998046875
2024-02-15,24.965999603271484,6578.1201171875
2024-02-16,24.82200050354004,6494.06982421875
2024-02-20,24.167999267578125,6169.18994140625
2024-02-21,23.976999282836914,6196.4501953125
2024-02-22,23.19300079345703,5997.669921875
2024-02-23,22.93400001525879,5931.77978515625
2024-02-26,24.009000778198242,6130.56982421875
2024-02-27,24.392000198364258,6324.81005859375
2024-02-28,25.618999481201172,6570.169921875
2024-02-29,24.864999771118164,6361.16015625
2024-03-01,25.80900001525879,6403.18994140625
2024-03-04,26.885000228881836,6478.16015625
2024-03-05,27.468000411987305,6876.8701171875
2024-03-06,26.57200050354004,6728.06982421875
2024-03-07,25.992000579833984,6720.10986328125
2024-03-08,26.392000198364258,6632.64990234375
2024-03-11,24.93000030517578,6385.02001953125
2024-03-12,24.774999618530273,6419.08984375
2024-03-13,24.902999877929688,6365.7099609375
2024-03-14,26.048999786376953,6639.4599609375
2024-03-15,27.025999069213867,6746.240234375
2024-03-18,28.82200050354004,6977.97021484375
2024-03-19,28.865999221801758,6910.9501953125
2024-03-20,27.742000579833984,6885.9599609375
2024-03-21,26.402000427246094,6709.89013671875
2024-03-22,27.775999069213867,6987.06005859375
2024-03-25,28.48900032043457,7383.490234375
2024-03-26,27.131999969482422,7074.52001953125
2024-03-27,27.687000274658203,7091.56005859375
2024-03-28,27.34000015258789,7020.0
2024-04-02,26.202999114990234,6670.1298828125
2024-04-03,25.562999725341797,6521.330078125
2024-04-04,26.20599937438965,6645.14013671875
2024-04-05,26.606000900268555,6881.419921875
2024-04-08,27.908000946044922,7214.240234375
2024-04-09,27.35099983215332,7277.85009765625
2024-04-10,27.100000381469727,7141.5400390625
2024-04-11,29.37700080871582,7727.68017578125
2024-04-12,30.73200035095215,8127.52001953125
2024-04-15,31.14299964904785,8013.93017578125
2024-04-16,33.138999938964844,8362.66015625
2024-04-17,31.288999557495117,7949.18017578125
2024-04-18,32.308998107910156,8125.25
2024-04-19,30.757999420166016,7816.27978515625
2024-04-22,29.309999465942383,7534.56982421875
2024-04-23,28.41699981689453,7459.60009765625
2024-04-24,29.01799964904785,7550.47021484375
2024-04-25,29.770999908447266,7768.56982421875
2024-04-26,28.88599967956543,7601.58984375
2024-04-29,27.993999481201172,7439.14990234375
2024-04-30,29.118000030517578,7783.33984375
2024-05-02,30.913000106811523,8236.5703125
2024-05-03,30.527999877929688,8179.77001953125
2024-05-06,31.801000595092773,8314.9501953125
2024-05-07,31.066999435424805,8062.77001953125
2024-05-08,30.608999252319336,8143.419921875
2024-05-09,30.864999771118164,8321.759765625
2024-05-10,30.02899932861328,8168.41015625
2024-05-13,29.577999114990234,7929.8701171875
2024-05-14,29.66900062561035,7976.43994140625
2024-05-15,29.733999252319336,7890.10986328125
2024-05-16,30.24799919128418,7962.81005859375
2024-05-17,30.768999099731445,8029.830078125
2024-05-20,31.76799964904785,8430.8095703125
2024-05-21,33.00400161743164,8661.400390625
2024-05-22,34.388999938964844,8656.8603515625
2024-05-23,35.22800064086914,8611.419921875
2024-05-24,34.1150016784668,8588.7099609375
2024-05-28,33.534000396728516,8471.7099609375
2024-05-29,33.87900161743164,8389.919921875
2024-05-30,35.19200134277344,8573.9404296875
2024-05-31,34.222999572753906,8417.1796875
2024-06-03,36.013999938964844,8470.5703125
2024-06-04,33.797000885009766,8216.1201171875
2024-06-05,33.35499954223633,8158.18994140625
2024-06-06,33.68600082397461,8190.0
2024-06-07,33.10900115966797,8109.35009765625
2024-06-10,34.257999420166016,8042.330078125
2024-06-11,34.28499984741211,8023.02001953125
2024-06-12,35.29399871826172,8035.509765625
2024-06-13,35.7239990234375,8032.10009765625
2024-06-14,35.36000061035156,7756.080078125
2024-06-17,34.209999084472656,7723.1298828125
2024-06-18,34.70000076293945,7781.06982421875
2024-06-20,34.4640007019043,7862.85009765625
2024-06-21,33.93600082397461,7739.0400390625
2024-06-24,34.08000183105469,7650.43017578125
2024-06-25,34.85300064086914,7715.18017578125
2024-06-26,33.82400131225586,7602.72998046875
2024-06-27,34.564998626708984,7573.18994140625
2024-06-28,34.47999954223633,7664.06982421875
2024-07-01,33.48500061035156,7729.9501953125
2024-07-02,33.685001373291016,8027.56005859375
2024-07-03,32.691001892089844,8037.77978515625
2024-07-05,33.06700134277344,7992.35009765625
2024-07-08,32.2859992980957,7836.72998046875
2024-07-09,31.334999084472656,7787.8798828125
2024-07-10,30.784000396728516,7719.72998046875
2024-07-11,31.11199951171875,7766.2998046875
2024-07-12,31.7189998626709,7859.43994140625
2024-07-15,31.371000289916992,7683.3798828125
2024-07-16,32.797000885009766,7726.5400390625
2024-07-17,31.89299964904785,7558.419921875
2024-07-18,32.67399978637695,7547.06982421875
2024-07-19,32.16999816894531,7531.16015625
2024-07-22,31.839000701904297,7351.68994140625
2024-07-23,31.621999740600586,7466.41015625
2024-07-24,32.62099838256836,7770.83984375
2024-07-25,31.77899932861328,7589.08984375
2024-07-26,32.474998474121094,7709.5
2024-07-29,33.87300109863281,7802.64990234375
2024-07-30,34.361000061035156,7796.97021484375
2024-07-31,35.86800003051758,7861.72021484375
2024-08-01,36.96900177001953,8085.490234375
2024-08-02,36.64899826049805,8017.33984375
2024-08-05,35.49800109863281,7807.18994140625
2024-08-06,36.67599868774414,7946.91015625
2024-08-07,38.45100021362305,8016.2001953125
2024-08-08,40.095001220703125,8071.85986328125
2024-08-09,40.395999908447266,7967.35986328125
2024-08-12,39.65800094604492,8252.4697265625
2024-08-13,39.47999954223633,8097.990234375
2024-08-14,38.96699905395508,8163.8701171875
2024-08-15,39.60100173950195,8191.1298828125
2024-08-16,39.64400100708008,8237.7099609375
2024-08-19,39.845001220703125,8308.1298828125
2024-08-20,37.957000732421875,8300.1796875
2024-08-21,37.0099983215332,8194.5400390625
2024-08-22,36.58700180053711,8129.7900390625
2024-08-23,36.862998962402344,8079.81005859375
2024-08-26,37.65599822998047,8007.10986328125
2024-08-27,38.68899917602539,8120.7099609375
2024-08-28,38.52000045776367,8038.919921875
2024-08-29,38.60100173950195,8071.85986328125
2024-08-30,39.823001861572266,7985.52978515625
2024-09-03,37.19300079345703,7742.43994140625
2024-09-04,35.79800033569336,7610.68017578125
2024-09-05,36.19499969482422,7519.7998046875
2024-09-06,36.479000091552734,7553.8798828125
2024-09-09,37.33300018310547,7556.14990234375
2024-09-10,35.28200149536133,7374.41015625
2024-09-11,36.141998291015625,7542.52001953125
2024-09-12,35.191001892089844,7434.60986328125
2024-09-13,35.64799880981445,7382.35986328125
2024-09-16,34.08100128173828,7180.16015625
2024-09-17,35.547000885009766,7308.52001953125
2024-09-18,35.244998931884766,7235.81982421875
2024-09-19,33.08300018310547,7135.85986328125
2024-09-20,34.444000244140625,7200.60986328125
2024-09-23,36.21099853515625,7281.259765625
2024-09-24,35.41299819946289,7255.1298828125
2024-09-25,37.319000244140625,7410.75
2024-09-26,37.88999938964844,7556.14990234375
2024-09-27,38.11399841308594,7534.56982421875
2024-09-30,39.04399871826172,7447.10009765625
2024-10-01,39.27299880981445,7225.60009765625
2024-10-02,38.617000579833984,7110.8701171875
2024-10-03,39.9119987487793,7129.0498046875
2024-10-04,40.97999954223633,7048.39990234375
2024-10-07,40.24399948120117,7015.4501953125
2024-10-08,38.91899871826172,6848.47021484375
2024-10-09,38.340999603271484,7043.85009765625
2024-10-10,40.292999267578125,7383.490234375
2024-10-11,39.87900161743164,7340.330078125
2024-10-14,40.558998107910156,7493.68017578125
2024-10-15,39.972999572753906,7393.72021484375
2024-10-16,39.24100112915039,7159.72021484375
2024-10-17,39.650001525878906,7154.0400390625
2024-10-18,39.20399856567383,7074.52001953125
2024-10-21,40.02399826049805,7015.4501953125
2024-10-22,40.70399856567383,7071.10986328125
2024-10-23,41.380001068115234,7371.0
2024-10-24,42.15399932861328,7568.64990234375
2024-10-25,43.51300048828125,7607.27001953125
2024-10-28,42.51900100708008,7542.52001953125
2024-10-29,42.86899948120117,7642.47998046875
2024-10-30,40.90299987792969,7436.8798828125
2024-10-31,40.5880012512207,7335.77978515625
2024-11-01,39.17499923706055,7255.1298828125
2024-11-04,40.30099868774414,7408.47998046875
2024-11-05,40.492000579833984,7303.97998046875
2024-11-06,40.38800048828125,7242.64013671875
2024-11-07,41.2760009765625,7501.6298828125
2024-11-08,42.409000396728516,7726.759765625
2024-11-11,43.72800064086914,7675.5
2024-11-12,44.255001068115234,7669.68017578125
2024-11-13,43.66600036621094,7532.2900390625
2024-11-14,46.2239990234375,7752.75
2024-11-15,46.55099868774414,7725.72021484375
2024-11-18,46.900001525878906,7900.31005859375
2024-11-19,45.667999267578125,7743.72998046875
2024-11-20,46.79600143432617,7773.35986328125
2024-11-21,48.303001403808594,7955.2099609375
2024-11-22,47.018001556396484,7869.240234375
2024-11-25,47.733001708984375,7934.27001953125
2024-11-26,47.215999603271484,7863.72998046875
2024-11-27,46.762001037597656,7779.97021484375
2024-11-29,47.81100082397461,7768.9501953125
2024-12-02,48.654998779296875,7819.64990234375
2024-12-03,48.55699920654297,7778.8701171875
2024-12-04,47.04600143432617,7709.43017578125
2024-12-05,46.55099868774414,7652.1201171875
2024-12-06,46.47999954223633,7762.33984375
2024-12-09,44.85499954223633,7541.91015625
2024-12-10,45.551998138427734,7744.7001953125
2024-12-11,44.694000244140625,7797.60009765625
2024-12-12,42.80400085449219,7513.25
2024-12-13,41.21500015258789,7325.89013671875
2024-12-16,40.277000427246094,7193.6298828125
2024-12-17,42.064998626708984,7082.31982421875
2024-12-18,41.00699996948242,7148.4501953125
2024-12-19,43.077999114990234,7460.35009765625
2024-12-20,44.130001068115234,7516.56005859375
2024-12-23,45.54499816894531,7679.68017578125
2024-12-27,47.73099899291992,7886.8798828125
2024-12-30,47.632999420166016,7933.169921875
